category,capacity,tags_count,interested_users_count,past_avg_attendance,attendance
Health,206,3,38,97.0,56
Business,90,2,41,65.0,46
Sports,165,2,28,94.0,62
Science,123,1,10,95.0,37
Medical,109,1,14,66.0,31
Business,282,4,63,46.0,56
Arts,92,1,19,100.0,44
Science,226,2,19,37.0,25
Health,162,3,42,56.0,45
Technology,56,4,54,55.0,56
Technology,170,3,43,56.0,54
Medical,212,3,40,31.0,39
Sports,221,4,40,62.0,58
Arts,219,3,53,44.0,55
Education,72,1,14,70.0,32
Sports,155,4,42,60.0,58
Education,244,3,35,32.0,34
Science,275,3,32,31.0,36
Sports,254,1,9,59.333333333333336,29
Arts,154,3,44,49.5,45
Sports,180,4,45,51.75,62
Health,87,4,55,50.5,55
Education,247,2,23,33.0,30
Health,122,3,38,52.0,45
Medical,173,2,32,35.0,31
Education,196,4,46,32.0,45
Health,240,1,12,50.25,24
Health,82,4,56,45.0,55
Community,75,1,11,83.0,33
Technology,298,2,29,55.0,40
Medical,216,3,51,33.666666666666664,43
Community,210,1,11,33.0,18
Medical,67,1,12,36.0,17
Science,73,1,13,32.666666666666664,20
Sports,92,1,14,53.8,34
Technology,253,1,12,50.0,24
Community,87,1,11,25.5,13
Health,70,2,32,46.666666666666664,38
Health,86,2,30,45.42857142857143,34
Science,280,2,19,29.5,26
Science,163,3,32,28.8,36
Science,266,3,32,30.0,33
Health,141,4,56,44.0,55
Science,151,1,13,30.428571428571427,18
Technology,106,4,54,43.5,59
Science,281,3,32,28.875,34
Technology,198,3,46,46.6,52
Arts,133,1,12,48.0,25
Arts,185,2,29,42.25,34
Science,283,1,9,29.444444444444443,18
Medical,169,3,44,32.2,43
Arts,73,2,38,40.6,42
Technology,144,3,45,47.5,53
Science,222,3,32,28.3,32
Technology,212,3,43,48.285714285714285,53
Science,61,3,32,28.636363636363637,36
Science,110,2,23,29.25,29
Arts,200,4,65,40.833333333333336,62
Arts,290,4,71,43.857142857142854,68
Technology,293,3,41,48.875,48
Community,189,1,11,21.333333333333332,15
Community,120,1,11,19.75,11
Sports,62,4,42,50.5,59
Business,67,2,26,51.0,35
Education,134,2,23,35.25,30
Technology,188,3,45,48.77777777777778,51
Arts,83,1,19,46.875,25
Business,63,3,49,45.666666666666664,45
Health,66,1,12,45.22222222222222,22
Community,178,1,11,18.0,10
Technology,65,3,44,49.0,55
Health,282,4,50,42.9,49
Sports,82,3,32,51.714285714285715,47
Education,166,3,35,34.2,38
Health,79,1,12,43.45454545454545,24
Education,277,2,24,34.833333333333336,28
Community,156,1,11,16.666666666666668,13
Community,220,1,11,16.142857142857142,10
Arts,160,4,67,44.44444444444444,60
Community,200,1,11,15.375,14
Education,273,3,34,33.857142857142854,38
Health,203,1,12,41.833333333333336,20
Sports,107,2,21,51.125,41
Community,245,1,11,15.222222222222221,10
Business,57,4,63,45.5,55
Science,96,2,19,29.23076923076923,26
Health,239,1,20,40.15384615384615,28
Technology,185,1,16,49.54545454545455,28
Health,234,4,56,39.285714285714285,52
Sports,90,1,8,50.0,28
Technology,163,1,12,47.75,27
Medical,79,4,59,34.0,50
Sports,220,3,33,47.8,47
Business,127,4,68,47.4,64
Arts,51,3,44,46.0,46
Health,186,2,33,40.13333333333333,38
Education,161,3,35,34.375,35
Sports,153,3,33,47.72727272727273,49
Health,297,3,39,40.0,40
Medical,112,3,43,36.285714285714285,40
Health,272,1,15,40.0,22
Community,249,1,11,14.7,9
Education,281,1,10,34.44444444444444,20
Community,76,1,11,14.181818181818182,9
Business,244,2,26,50.166666666666664,34
Sports,243,2,23,47.833333333333336,39
Medical,162,3,41,36.75,37
Medical,140,3,43,36.77777777777778,41
Science,64,2,19,29.0,23
Science,271,1,13,28.6,22
Sports,132,4,44,47.15384615384615,59
Education,76,2,23,33.0,30
Community,60,1,11,13.75,9
Medical,145,4,51,37.2,49
Health,215,4,48,39.0,46
Community,122,1,11,13.384615384615385,9
Arts,129,3,60,46.0,61
Health,129,2,27,39.36842105263158,32
Community,215,1,11,13.071428571428571,12
Education,96,3,34,32.72727272727273,39
Community,107,1,11,13.0,14
Arts,266,1,12,47.25,25
Education,274,1,12,33.25,21
Arts,234,4,59,45.53846153846154,57
Health,206,3,45,39.0,44
Medical,129,2,21,38.27272727272727,28
Medical,162,2,32,37.416666666666664,33
Science,297,2,22,28.1875,24
Business,214,2,41,47.857142857142854,42
Community,122,1,11,13.0625,8
Arts,73,3,53,46.357142857142854,56
Business,151,4,65,47.125,59
Business,131,4,68,48.44444444444444,64
Community,59,1,11,12.764705882352942,9
Medical,164,2,33,37.07692307692308,34
Sports,105,1,10,48.0,29
Education,81,4,46,32.30769230769231,43
Health,187,4,50,39.23809523809524,46
Education,159,2,24,33.07142857142857,26
Community,97,1,11,12.555555555555555,11
Sports,273,3,32,46.733333333333334,47
Health,251,3,35,39.54545454545455,35
Business,238,1,16,50.0,27
Arts,189,1,12,47.0,22
Arts,233,4,71,45.4375,68
Medical,101,1,20,36.857142857142854,22
Business,288,1,19,47.90909090909091,26
Health,141,4,56,39.34782608695652,55
Technology,161,3,43,46.15384615384615,52
Medical,177,4,58,35.86666666666667,50
Education,70,3,34,32.6,36
Arts,133,3,55,46.76470588235294,56
Science,92,2,22,27.941176470588236,27
Community,236,1,11,12.473684210526315,13
Community,213,1,11,12.5,13
Technology,213,1,16,46.57142857142857,28
Education,267,2,26,32.8125,31
Medical,67,1,9,36.75,15
Community,293,1,11,12.523809523809524,11
Arts,196,4,59,47.27777777777778,56
Community,216,1,11,12.454545454545455,9
Sports,177,1,8,46.75,25
Education,248,1,12,32.705882352941174,18
Medical,227,2,32,35.470588235294116,35
Medical,268,2,19,35.44444444444444,21
Arts,231,4,71,47.73684210526316,64
Education,253,3,38,31.88888888888889,38
Business,252,1,11,46.083333333333336,19
Medical,191,1,20,34.68421052631579,24
Medical,66,2,23,34.15,25
Medical,298,4,54,33.714285714285715,46
Sports,246,4,47,45.470588235294116,63
Health,182,1,13,40.0,20
Arts,138,2,29,48.55,39
Education,212,3,35,32.21052631578947,40
Science,127,1,13,27.88888888888889,19
Sports,93,2,17,46.44444444444444,34
Community,70,1,11,12.304347826086957,8
Science,177,3,32,27.42105263157895,36
Education,256,3,34,32.6,38
Health,90,3,42,39.2,42
Medical,270,4,58,34.27272727272727,52
Community,244,1,11,12.125,9
Education,111,1,12,32.857142857142854,19
Science,74,2,23,27.85,24
Health,234,4,55,39.30769230769231,51
Arts,177,4,65,48.095238095238095,60
Health,62,4,53,39.74074074074074,50
Medical,160,3,36,35.04347826086956,33
Science,61,3,32,27.666666666666668,33
Education,123,2,26,32.22727272727273,28
Education,299,4,46,32.04347826086956,43
Community,243,1,11,12.0,8
Education,232,4,46,32.5,45
Medical,288,4,51,34.958333333333336,46
Arts,179,4,65,48.63636363636363,65
Education,134,4,46,33.0,47
Health,117,3,39,40.107142857142854,44
Business,172,1,16,44.0,22
Health,58,2,32,40.241379310344826,36
Sports,130,2,28,45.78947368421053,42
Health,248,2,30,40.1,35
Medical,85,1,14,35.4,20
Education,130,3,35,33.53846153846154,40
Medical,206,3,44,34.80769230769231,41
Business,291,3,54,42.42857142857143,53
Science,226,2,23,27.90909090909091,28
Community,193,1,11,11.846153846153847,13
Science,279,2,19,27.91304347826087,26
Community,60,1,11,11.88888888888889,9
Sports,172,3,33,45.6,46
Education,207,3,38,33.77777777777778,41
Business,213,2,33,43.13333333333333,34
Sports,51,4,47,45.61904761904762,51
Arts,243,4,67,49.34782608695652,67
Community,282,1,11,11.785714285714286,12
Business,156,1,11,42.5625,22
Arts,251,1,26,50.083333333333336,34
Science,126,1,10,27.833333333333332,17
Sports,189,3,33,45.86363636363637,48
Arts,91,4,71,49.44,69
Science,252,3,32,27.4,32
Business,261,2,33,41.35294117647059,35
Community,221,1,11,11.793103448275861,8
Arts,148,4,71,50.19230769230769,66
Science,116,2,19,27.576923076923077,24
Business,169,1,22,41.0,26
Health,144,3,35,39.935483870967744,38
Business,166,2,28,40.21052631578947,33
Community,243,1,11,11.666666666666666,10
Business,184,2,35,39.85,36
Community,65,1,11,11.612903225806452,12
Education,133,2,23,34.035714285714285,31
Medical,102,1,14,35.03703703703704,21
Medical,164,1,12,34.535714285714285,20
Medical,166,2,32,34.03448275862069,32
Education,115,4,46,33.93103448275862,48
Business,158,1,22,39.666666666666664,26
Sports,289,1,15,45.95652173913044,31
Science,246,2,23,27.444444444444443,27
Health,146,3,42,39.875,40
Education,95,2,26,34.4,34
Health,263,2,32,39.878787878787875,33
Technology,158,3,41,45.333333333333336,48
Business,89,2,34,39.04545454545455,34
Sports,207,1,14,45.333333333333336,32
Technology,75,2,29,45.5,39
Medical,239,1,9,33.96666666666667,13
Medical,243,2,21,33.29032258064516,26
Technology,109,2,25,45.11764705882353,37
Community,127,1,11,11.625,12
Education,120,2,24,34.38709677419355,27
Arts,291,4,70,50.77777777777778,68
Health,88,3,42,39.6764705882353,42
Arts,256,4,70,51.392857142857146,67
Technology,149,4,53,44.666666666666664,56
Business,73,3,49,38.82608695652174,46
Business,146,1,19,39.125,26
Technology,255,1,13,45.26315789473684,27
Education,272,2,26,34.15625,33
Science,289,1,10,27.428571428571427,14
Sports,191,4,44,44.8,56
Science,128,2,22,26.96551724137931,24
Education,284,4,46,34.121212121212125,44
Community,194,1,11,11.636363636363637,12
Arts,191,1,12,51.93103448275862,27
Health,108,3,42,39.74285714285714,42
Business,297,4,59,38.6,54
Medical,234,4,51,33.0625,45
Arts,58,1,15,51.1,29
Sports,155,1,15,45.23076923076923,29
Business,52,1,11,39.19230769230769,17
Medical,218,3,42,33.42424242424242,39
Technology,187,4,56,44.35,63
Technology,184,4,59,45.23809523809524,60
Business,70,3,44,38.370370370370374,41
Health,225,4,60,39.80555555555556,58
Sports,153,1,15,44.629629629629626,30
Education,71,4,46,34.411764705882355,46
Health,108,3,38,40.2972972972973,38
Medical,280,3,44,33.588235294117645,41
Technology,54,2,29,45.90909090909091,41
Arts,195,4,67,50.38709677419355,67
Health,178,3,45,40.23684210526316,47
Community,161,1,11,11.647058823529411,9
Sports,57,3,30,44.107142857142854,45
Medical,97,4,58,33.8,51
Health,125,1,15,40.41025641025641,25
Sports,89,1,10,44.13793103448276,25
Arts,51,4,67,50.90625,51
Medical,72,3,39,34.27777777777778,35
Medical,191,4,43,34.2972972972973,37
Community,124,1,11,11.571428571428571,10
Sports,225,2,17,43.5,31
Arts,87,3,42,50.90909090909091,44
Health,250,3,38,40.025,37
Science,210,1,13,26.866666666666667,18
Business,292,4,61,38.464285714285715,53
Health,258,3,38,39.951219512195124,42
Arts,130,3,54,50.705882352941174,53
Health,133,3,44,40.0,44
Health,201,3,46,40.093023255813954,49
Arts,291,1,26,50.77142857142857,36
Medical,222,3,43,34.36842105263158,40
Science,218,1,9,26.580645161290324,13
Health,152,4,53,40.29545454545455,51
Health,229,1,12,40.53333333333333,23
Education,246,1,14,34.74285714285714,20
Community,194,1,11,11.527777777777779,13
Health,75,3,42,40.15217391304348,42
Education,150,2,24,34.333333333333336,29
Education,173,2,26,34.189189189189186,28
Health,262,1,13,40.191489361702125,24
Arts,250,3,42,50.361111111111114,44
Medical,234,3,43,34.51282051282051,41
Community,61,1,11,11.567567567567568,12
Sports,215,1,10,43.096774193548384,23
Arts,191,2,30,50.189189189189186,35
Education,97,4,46,34.026315789473685,47
Health,201,4,59,39.854166666666664,55
Technology,242,2,24,45.69565217391305,36
Sports,97,1,9,42.46875,23
Business,185,4,65,38.96551724137931,59
Community,200,1,11,11.578947368421053,8
Community,258,1,11,11.487179487179487,11
Science,130,3,32,26.15625,30
Science,145,1,10,26.272727272727273,17
Education,158,4,46,34.35897435897436,44
Education,123,2,24,34.6,27
Community,271,1,11,11.475,9
Technology,154,4,59,45.291666666666664,64
Health,57,4,56,40.16326530612245,55
Business,187,3,54,39.63333333333333,48
Medical,79,4,55,34.675,47
Education,189,3,34,34.41463414634146,35
Health,262,1,12,40.46,22
Business,139,3,49,39.903225806451616,48
Sports,270,4,44,41.878787878787875,57
Health,250,2,35,40.09803921568628,36
Business,139,1,16,40.15625,23
Education,124,2,26,34.42857142857143,30
Science,296,3,32,26.0,34
Health,271,1,12,40.01923076923077,22
Arts,262,2,29,49.78947368421053,35
Health,156,4,58,39.679245283018865,54
Sports,181,1,14,42.3235294117647,30
Community,133,1,11,11.414634146341463,11
Sports,105,4,42,41.97142857142857,57
Business,190,4,59,39.63636363636363,53
Medical,75,3,36,34.97560975609756,36
Medical,287,1,11,35.0,20
Medical,282,4,56,34.651162790697676,47
Science,73,1,9,26.228571428571428,16
Science,220,1,9,25.944444444444443,17
Arts,210,1,26,49.41025641025641,33
Business,172,4,68,40.029411764705884,57
Business,259,4,63,40.51428571428571,53
Health,108,2,28,39.94444444444444,32
Sports,144,1,10,42.388888888888886,27
Arts,206,4,59,49.0,59
Medical,285,3,33,34.93181818181818,33
Medical,85,2,25,34.888888888888886,29
Health,113,3,44,39.8,43
Sports,249,2,19,41.972972972972975,36
Technology,180,3,40,46.04,46
Health,176,3,43,39.857142857142854,43
Business,142,4,68,40.861111111111114,62
Arts,245,4,70,49.24390243902439,66
Sports,67,1,9,41.81578947368421,21
Business,292,1,22,41.432432432432435,29
Education,71,3,35,34.325581395348834,39
Education,129,2,26,34.43181818181818,28
Business,150,2,35,41.10526315789474,37
Sports,112,3,35,41.282051282051285,45
Health,206,1,15,39.91228070175438,24
Science,53,3,32,25.7027027027027,34
Technology,183,2,27,46.03846153846154,37
Science,82,1,9,25.92105263157895,16
Science,256,3,32,25.666666666666668,32
Education,232,1,12,34.28888888888889,23
Sports,269,4,45,41.375,57
Community,247,1,11,11.404761904761905,8
Sports,61,2,24,41.75609756097561,40
Technology,143,2,31,45.7037037037037,40
Arts,107,2,44,49.642857142857146,46
Health,80,3,35,39.63793103448276,38
Technology,61,2,27,45.5,40
Sports,191,4,42,41.714285714285715,54
Community,194,1,11,11.325581395348838,12
Business,88,4,68,41.0,56
Health,188,1,20,39.610169491525426,26
Technology,267,3,44,45.310344827586206,52
Science,185,1,10,25.825,19
Health,61,4,53,39.38333333333333,53
Education,179,4,46,34.04347826086956,44
Health,195,1,15,39.60655737704918,20
Arts,267,2,27,49.55813953488372,34
Health,109,3,38,39.29032258064516,37
Business,89,2,35,41.375,34
Medical,141,4,61,34.76086956521739,55
Business,73,4,65,41.19512195121951,55
Science,263,3,32,25.658536585365855,35
Arts,297,1,17,49.20454545454545,27
Education,116,1,12,34.255319148936174,22
Arts,268,1,26,48.71111111111111,34
Education,76,2,23,34.0,30
Arts,65,1,19,48.391304347826086,31
Business,145,2,28,41.523809523809526,33
Sports,100,3,37,42.0,52
Medical,81,2,31,35.191489361702125,29
Medical,286,1,9,35.0625,17
Health,140,4,53,39.25396825396825,49
Arts,58,3,55,48.02127659574468,56
Business,172,3,50,41.325581395348834,44
Science,101,2,19,25.88095238095238,24
Education,250,2,23,33.91836734693877,30
Medical,119,4,52,34.69387755102041,44
Community,279,1,11,11.340909090909092,12
Science,185,1,9,25.837209302325583,14
Business,218,2,33,41.38636363636363,33
Education,197,1,10,33.84,20
Health,201,3,47,39.40625,45
Community,292,1,11,11.355555555555556,10
Arts,94,2,38,48.1875,43
Sports,204,1,8,42.22727272727273,22
Education,137,4,46,33.568627450980394,47
Community,87,1,11,11.326086956521738,11
Arts,270,1,15,48.08163265306123,25
Sports,127,3,35,41.77777777777778,47
Arts,107,4,71,47.62,68
Arts,236,4,67,48.01960784313726,61
Health,204,1,20,39.49230769230769,26
Business,86,1,17,41.2,23
Sports,92,2,19,41.891304347826086,34
Sports,103,3,35,41.723404255319146,46
Sports,50,3,34,41.8125,44
Medical,139,4,51,34.88,46
Sports,68,4,44,41.857142857142854,58
Technology,293,3,42,45.53333333333333,47
Community,91,1,11,11.319148936170214,11
Education,202,1,12,33.82692307692308,23
Medical,291,1,20,35.09803921568628,25
Health,134,2,24,39.28787878787879,28
Business,126,4,59,40.80434782608695,51
Technology,63,4,59,45.58064516129032,62
Health,260,1,12,39.11940298507463,22
Medical,102,2,25,34.90384615384615,25
Science,266,1,9,25.568181818181817,13
Health,189,4,53,38.86764705882353,50
Community,97,1,11,11.3125,10
Science,107,2,22,25.288888888888888,27
Technology,220,2,33,46.09375,40
Community,191,1,11,11.285714285714286,7
Health,126,4,60,39.028985507246375,53
Technology,94,2,31,45.90909090909091,43
Arts,60,2,30,48.26923076923077,36
Health,263,2,32,39.22857142857143,36
Community,149,1,11,11.2,10
Education,284,3,35,33.62264150943396,40
Education,195,4,46,33.74074074074074,47
Sports,249,1,9,42.18,22
Science,148,3,32,25.32608695652174,33
Medical,120,1,9,34.716981132075475,16
Health,277,1,15,39.183098591549296,25
Business,285,1,17,41.02127659574468,22
Community,259,1,11,11.176470588235293,12
Science,298,2,19,25.48936170212766,25
Arts,236,3,54,48.0377358490566,54
Sports,283,2,21,41.78431372549019,37
Medical,66,3,31,34.370370370370374,30
Education,99,4,46,33.981818181818184,48
Business,58,1,11,40.625,19
Community,144,1,11,11.192307692307692,12
Education,145,4,46,34.232142857142854,46
Medical,191,2,32,34.29090909090909,31
Arts,148,3,44,48.148148148148145,44
Business,118,2,26,40.183673469387756,31
Education,171,1,14,34.43859649122807,24
Arts,114,1,17,48.07272727272727,28
Science,279,3,32,25.479166666666668,32
Community,105,1,11,11.20754716981132,10
Education,126,4,46,34.258620689655174,47
Medical,120,1,20,34.232142857142854,25
Science,98,2,22,25.612244897959183,23
Business,153,1,16,40.0,24
Arts,125,1,26,47.714285714285715,32
Health,235,4,56,38.986111111111114,54
Education,265,4,46,34.47457627118644,47
Education,170,2,26,34.68333333333333,29
Science,217,3,32,25.56,30
Community,157,1,11,11.185185185185185,12
Community,199,1,11,11.2,9
Sports,178,4,44,41.69230769230769,54
Health,85,3,45,39.19178082191781,48
Community,86,1,11,11.160714285714286,9
Arts,135,1,26,47.43859649122807,34
Arts,120,3,48,47.206896551724135,48
Arts,83,2,44,47.220338983050844,47
Health,59,4,53,39.310810810810814,51
Community,243,1,11,11.12280701754386,12
